IATA,AIRPORT,CITY,STATE,LATITUDE,,,,,,Y-coordinate,LONGITUDE,,,,,,X-coordinate
ABQ,Albuquerque International,Albuquerque,NM,35.04022222,-37.61900194,-2.57877972,-4.9656,12.80518858,465,477.8051886,-106.6091944,122.3748433,15.7656489,5.7618,90.83851583,320,410.8385158
ANC,Ted Stevens Anchorage International,Anchorage,AK,61.17432028,-37.61900194,23.55531834,-4.9656,-116.9662887,465,292.0337113,-149.9961856,122.3748433,-27.6213423,5.7618,-159.1486501,320,180.8513499
ATL,William B Hartsfield-Atlanta Intl,Atlanta,GA,33.64044444,-37.61900194,-3.9785575,-4.9656,19.75592512,465,484.7559251,-84.42694444,122.3748433,37.94789886,5.7618,218.6482037,320,538.6482037
AUS,Austin-Bergstrom International,Austin,TX,30.19453278,-37.61900194,-7.42446916,-4.9656,36.86694406,465,501.8669441,-97.66987194,122.3748433,24.70497136,5.7618,142.345104,320,462.345104
BDL,Bradley International,Windsor Locks,CT,41.93887417,-37.61900194,4.31987223,-4.9656,-21.45075755,465,443.5492425,-72.68322833,122.3748433,49.69161497,5.7618,286.3131471,320,606.3131471
BHM,Birmingham International,Birmingham,AL,33.56294306,-37.61900194,-4.05605888,-4.9656,20.14076597,465,485.140766,-86.75354972,122.3748433,35.62129358,5.7618,205.2427693,320,525.2427693
BNA,Nashville International,Nashville,TN,36.12447667,-37.61900194,-1.49452527,-4.9656,7.421214681,465,472.4212147,-86.67818222,122.3748433,35.69666108,5.7618,205.6770218,320,525.6770218
BOS,Gen Edw L Logan Intl,Boston,MA,42.3643475,-37.61900194,4.74534556,-4.9656,-23.56348791,465,441.4365121,-71.00517917,122.3748433,51.36966413,5.7618,295.9817308,320,615.9817308
BUF,Buffalo Niagara Intl,Buffalo,NY,42.94052472,-37.61900194,5.32152278,-4.9656,-26.42455352,465,438.5754465,-78.73216667,122.3748433,43.64267663,5.7618,251.4603742,320,571.4603742
BUR,Burbank-Glendale-Pasadena,Burbank,CA,34.20061917,-37.61900194,-3.41838277,-4.9656,16.97432148,465,481.9743215,-118.3584969,122.3748433,4.0163464,5.7618,23.14138469,320,343.1413847
BWI,Baltimore-Washington International,Baltimore,MD,39.17540167,-37.61900194,1.55639973,-4.9656,-7.728458499,465,457.2715415,-76.66819833,122.3748433,45.70664497,5.7618,263.352547,320,583.352547
CHS,Charleston AFB International,Charleston,SC,32.89864639,-37.61900194,-4.72035555,-4.9656,23.43939752,465,488.4393975,-80.04050583,122.3748433,42.33433747,5.7618,243.9219856,320,563.9219856
CLE,Cleveland-Hopkins Intl,Cleveland,OH,41.41089417,-37.61900194,3.79189223,-4.9656,-18.82902006,465,446.1709799,-81.84939667,122.3748433,40.52544663,5.7618,233.4995184,320,553.4995184
CLT,Charlotte Douglas International,Charlotte,NC,35.21401111,-37.61900194,-2.40499083,-4.9656,11.94222247,465,476.9422225,-80.94312583,122.3748433,41.43171747,5.7618,238.7212697,320,558.7212697
CMH,Port Columbus Intl,Columbus,OH,39.99798528,-37.61900194,2.37898334,-4.9656,-11.81307967,465,453.1869203,-82.89188278,122.3748433,39.48296052,5.7618,227.4929219,320,547.4929219
CVG,Cincinnati Northern Kentucky Intl,Covington,KY,39.04614278,-37.61900194,1.42714084,-4.9656,-7.086610555,465,457.9133894,-84.6621725,122.3748433,37.7126708,5.7618,217.2928666,320,537.2928666
DAL,Dallas Love ,Dallas,TX,32.84711389,-37.61900194,-4.77188805,-4.9656,23.6952873,465,488.6952873,-96.85177222,122.3748433,25.52307108,5.7618,147.0588309,320,467.0588309
DCA,Ronald Reagan Washington National,Arlington,VA,38.85208333,-37.61900194,1.23308139,-4.9656,-6.12298895,465,458.877011,-77.03772222,122.3748433,45.33712108,5.7618,261.2234242,320,581.2234242
DEN,Denver Intl,Denver,CO,39.85840806,-37.61900194,2.23940612,-4.9656,-11.11999503,465,453.880005,-104.6670019,122.3748433,17.7078414,5.7618,102.0290406,320,422.0290406
DFW,Dallas-Fort Worth International,Dallas-Fort Worth,TX,32.89595056,-37.61900194,-4.72305138,-4.9656,23.45278393,465,488.4527839,-97.0372,122.3748433,25.3376433,5.7618,145.9904332,320,465.9904332
DTW,Detroit Metropolitan-Wayne County,Detroit,MI,42.21205889,-37.61900194,4.59305695,-4.9656,-22.80728359,465,442.1927164,-83.34883583,122.3748433,39.02600747,5.7618,224.8600498,320,544.8600498
ELP,El Paso International,El Paso,TX,31.80666667,-37.61900194,-5.81233527,-4.9656,28.86173202,465,493.861732,-106.3778056,122.3748433,15.9970377,5.7618,92.17173182,320,412.1717318
EWR,Newark Intl,Newark,NJ,40.69249722,-37.61900194,3.07349528,-4.9656,-15.26174816,465,449.7382518,-74.16866056,122.3748433,48.20618274,5.7618,277.7543837,320,597.7543837
FLL,Fort Lauderdale-Hollywood Int'l,Ft. Lauderdale,FL,26.07258333,-37.61900194,-11.54641861,-4.9656,57.33489625,465,522.3348962,-80.15275,122.3748433,42.2220933,5.7618,243.2752572,320,563.2752572
HNL,Honolulu International,Honolulu,HI,21.31869111,-37.61900194,-16.30031083,-4.9656,80.94082346,465,579.9408235,-157.9224072,122.3748433,-35.5475639,5.7618,-204.8179537,320,142.1820463
HOU,William P X,Houston,TX,29.64541861,-37.61900194,-7.97358333,-4.9656,39.59362538,465,504.5936254,-95.27888889,122.3748433,27.09595441,5.7618,156.1214701,320,476.1214701
IAD,Washington Dulles International,Chantilly,VA,38.94453194,-37.61900194,1.32553,-4.9656,-6.582051768,465,458.4179482,-77.45580972,122.3748433,44.91903358,5.7618,258.8144877,320,578.8144877
IAH,George Bush Intercontinental,Houston,TX,29.98047222,-37.61900194,-7.63852972,-4.9656,37.92988318,465,502.9298832,-95.33972222,122.3748433,27.03512108,5.7618,155.7709606,320,475.7709606
IND,Indianapolis International,Indianapolis,IN,39.71732917,-37.61900194,2.09832723,-4.9656,-10.41945369,465,454.5805463,-86.29438417,122.3748433,36.08045913,5.7618,207.8883894,320,527.8883894
JAX,Jacksonville International,Jacksonville,FL,30.49405556,-37.61900194,-7.12494638,-4.9656,35.37963374,465,500.3796337,-81.68786111,122.3748433,40.68698219,5.7618,234.430254,320,554.430254
JFK,John F Kennedy Intl,New York,NY,40.63975111,-37.61900194,3.02074917,-4.9656,-14.99983208,465,450.0001679,-73.77892556,122.3748433,48.59591774,5.7618,279.9999588,320,599.9999588
LAS,McCarran International,Las Vegas,NV,36.08036111,-37.61900194,-1.53864083,-4.9656,7.640274905,465,472.6402749,-115.1523333,122.3748433,7.22251,5.7618,41.61465812,320,361.6146581
LAX,Los Angeles International,Los Angeles,CA,33.94253611,-37.61900194,-3.67646583,-4.9656,18.25585873,465,483.2558587,-118.4080744,122.3748433,3.9667689,5.7618,22.85572905,320,342.855729
LGA,LaGuardia,New York,NY,40.77724306,-37.61900194,3.15824112,-4.9656,-15.68256211,465,449.3174379,-73.87260917,122.3748433,48.50223413,5.7618,279.4601726,320,599.4601726
LIT,Adams ,Little Rock,AR,34.72939611,-37.61900194,-2.88960583,-4.9656,14.34862671,465,479.3486267,-92.22424556,122.3748433,30.15059774,5.7618,173.7217141,320,493.7217141
MCI,Kansas City International,Kansas City,MO,39.29760528,-37.61900194,1.67860334,-4.9656,-8.335272745,465,456.6647273,-94.71390556,122.3748433,27.66093774,5.7618,159.3767911,320,479.3767911
MCO,Orlando International,Orlando,FL,28.42888889,-37.61900194,-9.19011305,-4.9656,45.63442536,465,510.6344254,-81.31602778,122.3748433,41.05881552,5.7618,236.5726833,320,556.5726833
MDW,Chicago Midway,Chicago,IL,41.7859825,-37.61900194,4.16698056,-4.9656,-20.69155867,465,444.3084413,-87.75242444,122.3748433,34.62241886,5.7618,199.487453,320,519.487453
MEM,Memphis International,Memphis,TN,35.04241667,-37.61900194,-2.57658527,-4.9656,12.79429182,465,477.7942918,-89.97666667,122.3748433,32.39817663,5.7618,186.6718141,320,506.6718141
MIA,Miami International,Miami,FL,25.79325,-37.61900194,-11.82575194,-4.9656,58.72195383,465,523.7219538,-80.29055556,122.3748433,42.08428774,5.7618,242.4812491,320,562.4812491
MKE,General Mitchell International,Milwaukee,WI,42.94722222,-37.61900194,5.32822028,-4.9656,-26.45781062,465,438.5421894,-87.89658333,122.3748433,34.47825997,5.7618,198.6568383,320,518.6568383
MSP,Minneapolis-St Paul Intl,Minneapolis,MN,44.88054694,-37.61900194,7.261545,-4.9656,-36.05792785,465,428.9420721,-93.2169225,122.3748433,29.1579208,5.7618,168.0021081,320,488.0021081
MSY,New Orleans International ,New Orleans,LA,29.99338889,-37.61900194,-7.62561305,-4.9656,37.86574416,465,502.8657442,-90.25802778,122.3748433,32.11681552,5.7618,185.0506677,320,505.0506677
OAK,Metropolitan Oakland International,Oakland,CA,37.72129083,-37.61900194,0.10228889,-4.9656,-0.507925712,465,464.4920743,-122.2207167,122.3748433,0.1541266,5.7618,0.888046644,320,320.8880466
OGG,Kahului,Kahului,HI,20.89864972,-37.61900194,-16.72035222,-4.9656,80.02658098,465,590.026581,-156.4304578,122.3748433,-34.0556145,5.7618,-196.2216396,320,149.7783604
OKC,Will Rogers World,Oklahoma City,OK,35.39308833,-37.61900194,-2.22591361,-4.9656,11.05299662,465,476.0529966,-97.60073389,122.3748433,24.77410941,5.7618,142.7434636,320,462.7434636
OMA,Eppley Airfield,Omaha,NE,41.30251861,-37.61900194,3.68351667,-4.9656,-18.29087038,465,446.7091296,-95.89417306,122.3748433,26.48067024,5.7618,152.5763258,320,472.5763258
ONT,Ontario International,Ontario,CA,34.056,-37.61900194,-3.56300194,-4.9656,17.69244243,465,482.6924424,-117.6011944,122.3748433,4.7736489,5.7618,27.50481023,320,347.5048102
ORD,Chicago O'Hare International,Chicago,IL,41.979595,-37.61900194,4.36059306,-4.9656,-21.6529609,465,443.3470391,-87.90446417,122.3748433,34.47037913,5.7618,198.6114305,320,518.6114305
ORF,Norfolk International,Norfolk,VA,36.89461111,-37.61900194,-0.72439083,-4.9656,3.597035105,465,468.5970351,-76.20122222,122.3748433,46.17362108,5.7618,266.0431699,320,586.0431699
PBI,Palm Beach International,West Palm Beach,FL,26.68316194,-37.61900194,-10.93584,-4.9656,54.3030071,465,519.3030071,-80.09559417,122.3748433,42.27924913,5.7618,243.6045776,320,563.6045776
PDX,Portland Intl,Portland,OR,45.58872222,-37.61900194,7.96972028,-4.9656,-39.57444302,465,425.425557,-122.5975,122.3748433,-0.2226567,5.7618,-1.282903374,320,318.7170966
PHL,Philadelphia Intl,Philadelphia,PA,39.87195278,-37.61900194,2.25295084,-4.9656,-11.18725269,465,453.8127473,-75.24114083,122.3748433,47.13370247,5.7618,271.5749669,320,591.5749669
PHX,Phoenix Sky Harbor International,Phoenix,AZ,33.43416667,-37.61900194,-4.18483527,-4.9656,20.78021802,465,485.780218,-112.0080556,122.3748433,10.3667877,5.7618,59.73135737,320,379.7313574
PIT,Pittsburgh International,Pittsburgh,PA,40.49146583,-37.61900194,2.87246389,-4.9656,-14.26350669,465,450.7364933,-80.23287083,122.3748433,42.14197247,5.7618,242.813617,320,562.813617
PVD,Theodore F Green State,Providence,RI,41.72399917,-37.61900194,4.10499723,-4.9656,-20.38377425,465,444.6162258,-71.42822111,122.3748433,50.94662219,5.7618,293.5442477,320,613.5442477
RDU,Raleigh-Durham International,Raleigh,NC,35.87763889,-37.61900194,-1.74136305,-4.9656,8.646912361,465,473.6469124,-78.78747222,122.3748433,43.58737108,5.7618,251.1417147,320,571.1417147
RIC,Richmond International,Richmond,VA,37.50516667,-37.61900194,-0.11383527,-4.9656,0.565260417,465,465.5652604,-77.31966667,122.3748433,45.05517663,5.7618,259.5989167,320,579.5989167
RNO,Reno Tahoe International,Reno,NV,39.49857611,-37.61900194,1.87957417,-4.9656,-9.333213499,465,455.6667865,-119.7680647,122.3748433,2.6067786,5.7618,15.01973694,320,335.0197369
RSW,Southwest Florida International,Ft. Myers,FL,26.53616667,-37.61900194,-11.08283527,-4.9656,55.03292682,465,520.0329268,-81.75516667,122.3748433,40.61967663,5.7618,234.0424528,320,554.0424528
SAN,San Diego International-Lindbergh ,San Diego,CA,32.73355611,-37.61900194,-4.88544583,-4.9656,24.25916981,465,489.2591698,-117.1896567,122.3748433,5.1851866,5.7618,29.87600815,320,349.8760082
SAT,San Antonio International,San Antonio,TX,29.53369444,-37.61900194,-8.0853075,-4.9656,40.14840292,465,505.1484029,-98.46977778,122.3748433,23.90506552,5.7618,137.7362065,320,457.7362065
SDF,Louisville International-Standiford ,Louisville,KY,38.17438889,-37.61900194,0.55538695,-4.9656,-2.757829439,465,462.2421706,-85.736,122.3748433,36.6388433,5.7618,211.1056873,320,531.1056873
SEA,Seattle-Tacoma Intl,Seattle,WA,47.44898194,-37.61900194,9.82998,-4.9656,-48.81174869,465,416.1882513,-122.3093131,122.3748433,0.0655302,5.7618,0.377571906,320,320.3775719
SFO,San Francisco International,San Francisco,CA,37.61900194,-37.61900194,0,-4.9656,0,465,465,-122.3748433,122.3748433,0,5.7618,0,320,320
SJC,San Jose International,San Jose,CA,37.36186194,-37.61900194,-0.25714,-4.9656,1.276854384,465,466.2768544,-121.9290089,122.3748433,0.4458344,5.7618,2.568808646,320,322.5688086
SJU,Luis Munoz Marin International,San Juan,PR,18.43941667,-37.61900194,-19.17958527,-4.9656,95.23814862,465,560.2381486,-66.00183333,122.3748433,56.37300997,5.7618,324.8100088,320,644.8100088
SLC,Salt Lake City Intl,Salt Lake City,UT,40.78838778,-37.61900194,3.16938584,-4.9656,-15.73790233,465,449.2620977,-111.9777731,122.3748433,10.3970702,5.7618,59.90583908,320,379.9058391
SMF,Sacramento International,Sacramento,CA,38.69542167,-37.61900194,1.07641973,-4.9656,-5.345069811,465,459.6549302,-121.5907669,122.3748433,0.7840764,5.7618,4.517691402,320,324.5176914
SNA,John Wayne  Orange Co,Santa Ana,CA,33.67565861,-37.61900194,-3.94334333,-4.9656,19.58106564,465,484.5810656,-117.8682225,122.3748433,4.5066208,5.7618,25.96624773,320,345.9662477
STL,Lambert-St Louis International,St Louis,MO,38.74768694,-37.61900194,1.128685,-4.9656,-5.604598236,465,459.3954018,-90.35998972,122.3748433,32.01485358,5.7618,184.4631834,320,504.4631834
TPA,Tampa International ,Tampa,FL,27.97547222,-37.61900194,-9.64352972,-4.9656,47.88591118,465,512.8859112,-82.53325,122.3748433,39.8415933,5.7618,229.5592923,320,549.5592923
TUL,Tulsa International,Tulsa,OK,36.19837222,-37.61900194,-1.42062972,-4.9656,7.054278938,465,472.0542789,-95.88824167,122.3748433,26.48660163,5.7618,152.6105013,320,472.6105013
TUS,Tucson International,Tucson,AZ,32.11608333,-37.61900194,-5.50291861,-4.9656,27.32529265,465,492.3252926,-110.9410278,122.3748433,11.4338155,5.7618,65.87935815,320,385.8793581
ABE,Lehigh Valley International,Allentown,PA,40.65236278,-37.61900194,3.03336084,-4.9656,-15.06245659,465,449.9375434,-75.44040167,122.3748433,46.93444163,5.7618,270.4268658,320,590.4268658
ABI,Abilene Regional,Abilene,TX,32.41132,-37.61900194,-5.20768194,-4.9656,25.85926544,465,490.8592654,-99.68189722,122.3748433,22.69294608,5.7618,130.7522167,320,450.7522167
ABR,Aberdeen Regional,Aberdeen,SD,45.44905556,-37.61900194,7.83005362,-4.9656,-38.88091426,465,426.1190857,-98.42183333,122.3748433,23.95300997,5.7618,138.0124528,320,458.0124528
ABY,Southwest Georgia Regional,Albany,GA,31.535515,-37.61900194,-6.08348694,-4.9656,30.20816275,465,495.2081627,-84.19447333,122.3748433,38.18036997,5.7618,219.9876557,320,539.9876557
ACK,Nantucket Memorial,Nantucket,MA,41.25305194,-37.61900194,3.63405,-4.9656,-18.04523868,465,446.9547613,-70.06018139,122.3748433,52.31466191,5.7618,301.426619,320,621.426619
ACT,Waco Regional,Waco,TX,31.61128833,-37.61900194,-6.00771361,-4.9656,29.8319027,465,494.8319027,-97.23051917,122.3748433,25.14432413,5.7618,144.8765668,320,464.8765668
ACV,Arcata,Arcata Eureka,CA,40.97811528,-37.61900194,3.35911334,-4.9656,-16.6800132,465,448.3199868,-124.1086189,122.3748433,-1.7337756,5.7618,-9.989668252,320,310.0103317
ACY,Atlantic City International,Atlantic City,NJ,39.45758333,-37.61900194,1.83858139,-4.9656,-9.12965975,465,455.8703402,-74.57716667,122.3748433,47.79767663,5.7618,275.4006532,320,595.4006532
ADK,Adak,Adak,AK,51.87796389,-37.61900194,14.25896195,-4.9656,-70.80430146,465,375.1956985,-176.6460306,122.3748433,-54.2711873,5.7618,-312.699727,320,30.30027302
ADQ,Kodiak ,Kodiak,AK,57.74996778,-37.61900194,20.13096584,-4.9656,-99.96232398,465,325.037676,-152.4938553,122.3748433,-30.119012,5.7618,-173.5397233,320,165.4602767
AEX,Alexandria International,Alexandria,LA,31.32737167,-37.61900194,-6.29163027,-4.9656,31.24171927,465,496.2417193,-92.54855611,122.3748433,29.82628719,5.7618,171.8531015,320,491.8531015
AGS,Bush ,Augusta,GA,33.369955,-37.61900194,-4.24904694,-4.9656,21.09906749,465,486.0990675,-81.96449611,122.3748433,40.41034719,5.7618,232.8363384,320,552.8363384
AKN,King Salmon,King Salmon,AK,58.67680167,-37.61900194,21.05779973,-4.9656,-104.5646103,465,315.4353897,-156.6492175,122.3748433,-34.2743742,5.7618,-197.4820893,320,143.5179107
ALB,Albany Cty,Albany,NY,42.74811944,-37.61900194,5.1291175,-4.9656,-25.46914586,465,439.5308541,-73.80297861,122.3748433,48.57186469,5.7618,279.86137,320,599.86137
ALO,Waterloo Municipal,Waterloo,IA,42.55708139,-37.61900194,4.93807945,-4.9656,-24.52052732,465,440.4794727,-92.40034361,122.3748433,29.97449969,5.7618,172.7070723,320,492.7070723
AMA,Amarillo International,Amarillo,TX,35.2193725,-37.61900194,-2.39962944,-4.9656,11.91559995,465,476.9155999,-101.7059272,122.3748433,20.6689161,5.7618,119.0901608,320,439.0901608
APN,Alpena County Regional ,Alpena,MI,45.0780675,-37.61900194,7.45906556,-4.9656,-37.03873594,465,427.9612641,-83.56028583,122.3748433,38.81455747,5.7618,223.6417172,320,543.6417172
ART,Watertown Intl,Watertown,NY,43.99192222,-37.61900194,6.37292028,-4.9656,-31.64537294,465,433.3546271,-76.02173861,122.3748433,46.35310469,5.7618,267.0773186,320,587.0773186
ASE,Aspen-Pitkin Co Sardy ,Aspen,CO,39.22316,-37.61900194,1.60415806,-4.9656,-7.965607263,465,457.0343927,-106.868845,122.3748433,15.5059983,5.7618,89.342461,320,409.342461
ATW,Outagamie County Regional,Appleton,WI,44.25740806,-37.61900194,6.63840612,-4.9656,-32.96366943,465,432.0363306,-88.51947556,122.3748433,33.85536774,5.7618,195.0678578,320,515.0678578
AVL,Asheville Regional,Asheville,NC,35.43619444,-37.61900194,-2.1828075,-4.9656,10.83894892,465,475.8389489,-82.54180556,122.3748433,39.83303774,5.7618,229.5099969,320,549.5099969
AVP,Wilkes-Barre Scranton Intl,Wilkes-Barre Scranton,PA,41.33814944,-37.61900194,3.7191475,-4.9656,-18.46779883,465,446.5322012,-75.7242675,122.3748433,46.6505758,5.7618,268.7912876,320,588.7912876
AZO,Kalamazoo County,Kalamazoo,MI,42.234875,-37.61900194,4.61587306,-4.9656,-22.92057927,465,442.0794207,-85.5520575,122.3748433,36.8227858,5.7618,212.1655272,320,532.1655272
BET,Bethel,Bethel,AK,60.77977639,-37.61900194,23.16077445,-4.9656,-115.0071416,465,297.4928584,-161.8379975,122.3748433,-39.4631542,5.7618,-227.3788019,320,118.9211981
BFL,Meadows ,Bakersfield,CA,35.43359806,-37.61900194,-2.18540388,-4.9656,10.85184151,465,475.8518415,-119.0567681,122.3748433,3.3180752,5.7618,19.11808569,320,339.1180857
BGM,Binghamton Regional,Binghamton,NY,42.20848278,-37.61900194,4.58948084,-4.9656,-22.78952606,465,442.2104739,-75.97961361,122.3748433,46.39522969,5.7618,267.3200344,320,587.3200344
BGR,Bangor International,Bangor,ME,44.80744444,-37.61900194,7.1884425,-4.9656,-35.69493008,465,429.3050699,-68.82813889,122.3748433,53.54670441,5.7618,308.5254015,320,628.5254015
BIL,Billings Logan Intl,Billings,MT,45.8076625,-37.61900194,8.18866056,-4.9656,-40.66161288,465,424.3383871,-108.5428611,122.3748433,13.8319822,5.7618,79.69711504,320,399.697115
BIS,Bismarck Municipal,Bismarck,ND,46.77411111,-37.61900194,9.15510917,-4.9656,-45.46061009,465,419.5393899,-100.7467222,122.3748433,21.6281211,5.7618,124.6169082,320,444.6169082
BJI,Bemidji-Beltrami County,Bemidji,MN,47.50942417,-37.61900194,9.89042223,-4.9656,-49.11188063,465,415.8881194,-94.93372333,122.3748433,27.44111997,5.7618,158.110245,320,478.110245
BLI,Bellingham Intl,Bellingham,WA,48.79275,-37.61900194,11.17374806,-4.9656,-55.48436337,465,409.5156366,-122.5375278,122.3748433,-0.1626845,5.7618,-0.937355552,320,319.0626444
BMI,Central Illinois Regional,Bloomington,IL,40.47798556,-37.61900194,2.85898362,-4.9656,-14.19656906,465,450.8034309,-88.91595278,122.3748433,33.45889052,5.7618,192.7834354,320,512.7834354
BOI,Boise Air Terminal,Boise,ID,43.56444444,-37.61900194,5.9454425,-4.9656,-29.52268928,465,435.4773107,-116.2227778,122.3748433,6.1520655,5.7618,35.446971,320,355.446971
BPT,Southeast Texas Regional,Beaumont Port Arthur,TX,29.95083333,-37.61900194,-7.66816861,-4.9656,38.07705805,465,503.077058,-94.02069444,122.3748433,28.35414886,5.7618,163.3709349,320,483.3709349
BQK,Glynco Jetport,Brunswick,GA,31.25902778,-37.61900194,-6.35997416,-4.9656,31.58108769,465,496.5810877,-81.46630556,122.3748433,40.90853774,5.7618,235.7068128,320,555.7068128
BQN,Rafael Hernandez,Aguadilla,PR,18.49486111,-37.61900194,-19.12414083,-4.9656,94.96283371,465,559.9628337,-67.12944444,122.3748433,55.24539886,5.7618,318.3129392,320,638.3129392
BRD,Brainerd-Crow Wing County Regional,Brainerd,MN,46.39785806,-37.61900194,8.77885612,-4.9656,-43.59228795,465,421.4077121,-94.1372275,122.3748433,28.2376158,5.7618,162.6994947,320,482.6994947
BRO,Brownsville S.Padre Island International,Brownsville,TX,25.90683333,-37.61900194,-11.71216861,-4.9656,58.15794445,465,523.1579444,-97.42586111,122.3748433,24.94898219,5.7618,143.7510456,320,463.7510456
BRW,Wiley Post Will Rogers Memorial,Barrow,AK,71.2854475,-37.61900194,33.66644556,-4.9656,-167.1741021,465,198.8258979,-156.7660019,122.3748433,-34.3911586,5.7618,-198.1549776,320,139.8450224
BTM,Bert Mooney,Butte,MT,45.95479528,-37.61900194,8.33579334,-4.9656,-41.39221541,465,423.6077846,-112.49746,122.3748433,9.8773833,5.7618,56.9115071,320,376.9115071
BTR,Baton Rouge Metropolitan,Baton Rouge,LA,30.53316083,-37.61900194,-7.08584111,-4.9656,35.18545262,465,500.1854526,-91.14963444,122.3748433,31.22520886,5.7618,179.9134084,320,499.9134084
BTV,Burlington International,Burlington,VT,44.47300361,-37.61900194,6.85400167,-4.9656,-34.03423069,465,430.9657693,-73.1503125,122.3748433,49.2245308,5.7618,283.6219016,320,603.6219016
BZN,Gallatin ,Bozeman,MT,45.77690139,-37.61900194,8.15789945,-4.9656,-40.50886551,465,424.4911345,-111.1530072,122.3748433,11.2218361,5.7618,64.65797524,320,384.6579752
CAE,Columbia Metropolitan,Columbia,SC,33.93884,-37.61900194,-3.68016194,-4.9656,18.27421213,465,483.2742121,-81.11953944,122.3748433,41.25530386,5.7618,237.7048098,320,557.7048098
CAK,Akron-Canton Regional,Akron,OH,40.91631194,-37.61900194,3.29731,-4.9656,-16.37312254,465,448.6268775,-81.44246556,122.3748433,40.93237774,5.7618,235.8441741,320,555.8441741
CDC,Cedar City Muni,Cedar City,UT,37.70097028,-37.61900194,0.08196834,-4.9656,-0.407021989,465,464.592978,-113.098575,122.3748433,9.2762683,5.7618,53.44800269,320,373.4480027
CDV,Merle K (Mudhole) Smith,Cordova,AK,60.49183389,-37.61900194,22.87283195,-4.9656,-113.5773343,465,298.4226657,-145.4776503,122.3748433,-23.102807,5.7618,-133.1137534,320,206.8862466
CEC,Jack McNamara ,Crescent City,CA,41.78015722,-37.61900194,4.16115528,-4.9656,-20.66263266,465,444.3373673,-124.2365333,122.3748433,-1.86169,5.7618,-10.72668544,320,309.2733146
CHA,Lovell ,Chattanooga,TN,35.03526833,-37.61900194,-2.58373361,-4.9656,12.82978761,465,477.8297876,-85.20378778,122.3748433,37.17105552,5.7618,214.1721877,320,534.1721877
CHO,Charlottesville-Albermarle,Charlottesville,VA,38.13863889,-37.61900194,0.51963695,-4.9656,-2.580309239,465,462.4196908,-78.45286111,122.3748433,43.92198219,5.7618,253.069677,320,573.069677
CIC,Chico Municipal,Chico,CA,39.79538278,-37.61900194,2.17638084,-4.9656,-10.8070367,465,454.1929633,-121.8584231,122.3748433,0.5164202,5.7618,2.975509908,320,322.9755099
CID,Eastern Iowa ,Cedar Rapids,IA,41.88458833,-37.61900194,4.26558639,-4.9656,-21.18119578,465,443.8188042,-91.71087222,122.3748433,30.66397108,5.7618,176.6796686,320,496.6796686
CIU,Chippewa County International,Sault Ste. Marie,MI,46.25075194,-37.61900194,8.63175,-4.9656,-42.8618178,465,422.1381822,-84.47238528,122.3748433,37.90245802,5.7618,218.3863826,320,538.3863826
CLD,MC Clellan-Palomar Airport,NA,NA,33.127231,-37.61900194,-4.49177094,-4.9656,22.30433778,465,487.3043378,-117.278727,122.3748433,5.0961163,5.7618,29.3628029,320,349.3628029
CLL,Easterwood ,College Station,TX,30.58858944,-37.61900194,-7.0304125,-4.9656,34.91021631,465,499.9102163,-96.36382417,122.3748433,26.01101913,5.7618,149.87029,320,469.87029
CMI,University of Illinois-Willard,Champaign Urbana,IL,40.03925,-37.61900194,2.42024806,-4.9656,-12.01798377,465,452.9820162,-88.27805556,122.3748433,34.09678774,5.7618,196.4588716,320,516.4588716
CMX,Houghton County Memorial,Hancock,MI,47.16841722,-37.61900194,9.54941528,-4.9656,-47.41857651,465,417.5814235,-88.48906083,122.3748433,33.88578247,5.7618,195.2431014,320,515.2431014
CNY,Canyonlands ,Moab,UT,38.75495611,-37.61900194,1.13595417,-4.9656,-5.640694027,465,459.359306,-109.7548439,122.3748433,12.6199994,5.7618,72.71391254,320,392.7139125
COD,Yellowstone Regional,Cody,WY,44.52019417,-37.61900194,6.90119223,-4.9656,-34.26856014,465,430.7314399,-109.0237961,122.3748433,13.3510472,5.7618,76.92606376,320,396.9260638
COS,City of Colorado Springs Muni,Colorado Springs,CO,38.80580556,-37.61900194,1.18680362,-4.9656,-5.893192055,465,459.1068079,-104.70025,122.3748433,17.6745933,5.7618,101.8374717,320,421.8374717
COU,Columbia Regional,Columbia,MO,38.81809306,-37.61900194,1.19909112,-4.9656,-5.954206865,465,459.0457931,-92.21962917,122.3748433,30.15521413,5.7618,173.7483128,320,493.7483128
CPR,Natrona County Intl,Casper,WY,42.90835556,-37.61900194,5.28935362,-4.9656,-26.26481434,465,438.7351857,-106.4644661,122.3748433,15.9103772,5.7618,91.67241135,320,411.6724114
CRP,Corpus Christi International,Corpus Christi,TX,27.77036083,-37.61900194,-9.84864111,-4.9656,48.9044123,465,513.9044123,-97.50121528,122.3748433,24.87362802,5.7618,143.3168699,320,463.3168699
CRW,Yeager,Charleston,WV,38.37315083,-37.61900194,0.75414889,-4.9656,-3.744801728,465,461.2551983,-81.59318972,122.3748433,40.78165358,5.7618,234.9757316,320,554.9757316
CSG,Columbus Metropolitan,Columbus,GA,32.51633333,-37.61900194,-5.10266861,-4.9656,25.33781125,465,490.3378112,-84.93886111,122.3748433,37.43598219,5.7618,215.6986422,320,535.6986422
CWA,Central Wisconsin,Mosinee,WI,44.77761917,-37.61900194,7.15861723,-4.9656,-35.54682972,465,429.4531703,-89.66677944,122.3748433,32.70806386,5.7618,188.4573223,320,508.4573223
CYS,Cheyenne,Cheyenne,WY,41.1557225,-37.61900194,3.53672056,-4.9656,-17.56193961,465,447.4380604,-104.8118381,122.3748433,17.5630052,5.7618,101.1945234,320,421.1945234
DAB,Daytona Beach International,Daytona Beach,FL,29.17991667,-37.61900194,-8.43908527,-4.9656,41.90512182,465,506.9051218,-81.05805556,122.3748433,41.31678774,5.7618,238.0590676,320,558.0590676
DAY,James M Cox Dayton Intl,Dayton,OH,39.90237583,-37.61900194,2.28337389,-4.9656,-11.33832139,465,453.6616786,-84.219375,122.3748433,38.1554683,5.7618,219.8441773,320,539.8441773
DBQ,Dubuque Municipal,Dubuque,IA,42.40295944,-37.61900194,4.7839575,-4.9656,-23.75521936,465,441.2447806,-90.70916722,122.3748433,31.66567608,5.7618,182.4512924,320,502.4512924
DHN,Dothan ,Dothan,AL,31.32133917,-37.61900194,-6.29766277,-4.9656,31.27167425,465,496.2716743,-85.44962889,122.3748433,36.92521441,5.7618,212.7557004,320,532.7557004
DIK,Dickinson Municipal,Dickinson,ND,46.79738889,-37.61900194,9.17838695,-4.9656,-45.57619824,465,419.4238018,-102.8019528,122.3748433,19.5728905,5.7618,112.7750805,320,432.7750805
DLG,Dillingham,Dillingham,AK,59.0454125,-37.61900194,21.42641056,-4.9656,-106.3949843,465,308.6050157,-158.5033389,122.3748433,-36.1284956,5.7618,-208.1651659,320,140.8348341
DLH,Duluth International,Duluth,MN,46.84209028,-37.61900194,9.22308834,-4.9656,-45.79816746,465,419.2018325,-92.19364861,122.3748433,30.18119469,5.7618,173.8980076,320,493.8980076
DRO,Durango-La Plata County,Durango,CO,37.15151667,-37.61900194,-0.46748527,-4.9656,2.321344857,465,467.3213449,-107.7537692,122.3748433,14.6210741,5.7618,84.24370475,320,404.2437047
DRT,Del Rio International,Del Rio,TX,29.37181222,-37.61900194,-8.24718972,-4.9656,40.95224527,465,505.9522453,-100.9232339,122.3748433,21.4516094,5.7618,123.599883,320,443.599883
DSM,Des Moines International,Des Moines,IA,41.53493306,-37.61900194,3.91593112,-4.9656,-19.44494757,465,445.5550524,-93.66068222,122.3748433,28.71416108,5.7618,165.4452533,320,485.4452533
DVL,Devils Lake Municipal-Knoke ,Devils Lake,ND,48.11424528,-37.61900194,10.49524334,-4.9656,-52.11518033,465,412.8848197,-98.90877833,122.3748433,23.46606497,5.7618,135.2067731,320,455.2067731
EAU,Chippewa Valley Regional,Eau Claire,WI,44.86525722,-37.61900194,7.24625528,-4.9656,-35.98200522,465,429.0179948,-91.48507194,122.3748433,30.88977136,5.7618,177.9806846,320,497.9806846
EGE,Eagle County Regional,Eagle,CO,39.64256778,-37.61900194,2.02356584,-4.9656,-10.04821854,465,454.9517815,-106.9176953,122.3748433,15.457148,5.7618,89.06099535,320,409.0609953
EKO,Elko Regional,Elko,NV,40.82492611,-37.61900194,3.20592417,-4.9656,-15.91933706,465,449.0806629,-115.7916964,122.3748433,6.5831469,5.7618,37.93077581,320,357.9307758
ELM,Elmira Corning Regional,Elmira,NY,42.15991361,-37.61900194,4.54091167,-4.9656,-22.54835099,465,442.451649,-76.89144333,122.3748433,45.48339997,5.7618,262.0662539,320,582.0662539
ERI,Erie Intl,Erie,PA,42.08202139,-37.61900194,4.46301945,-4.9656,-22.16156938,465,442.8384306,-80.17621556,122.3748433,42.19862774,5.7618,243.1400533,320,563.1400533
ESC,Delta County,Escanaba,MI,45.72266972,-37.61900194,8.10366778,-4.9656,-40.23957273,465,424.7604273,-87.09373139,122.3748433,35.28111191,5.7618,203.2827106,320,523.2827106
EUG,Mahlon Sweet ,Eugene,OR,44.12326,-37.61900194,6.50425806,-4.9656,-32.29754382,465,432.7024562,-123.2186856,122.3748433,-0.8438423,5.7618,-4.862050564,320,315.1379494
EVV,Evansville Regional,Evansville,IN,38.03799139,-37.61900194,0.41898945,-4.9656,-2.080534013,465,462.919466,-87.53062667,122.3748433,34.84421663,5.7618,200.7654074,320,520.7654074
EWN,Craven County Regional,New Bern,NC,35.07297222,-37.61900194,-2.54602972,-4.9656,12.64256518,465,477.6425652,-77.04294444,122.3748433,45.33189886,5.7618,261.1933349,320,581.1933349
EYW,Key West International,Key West,FL,24.55611111,-37.61900194,-13.06289083,-4.9656,64.86509071,465,529.8650907,-81.75955556,122.3748433,40.61528774,5.7618,234.0171649,320,554.0171649
FAI,Fairbanks International,Fairbanks,AK,64.8136775,-37.61900194,27.19467556,-4.9656,-135.037881,465,255.962119,-147.8596694,122.3748433,-25.4848261,5.7618,-146.838471,320,197.161529
FAR,Hector International,Fargo,ND,46.91934889,-37.61900194,9.30034695,-4.9656,-46.18180281,465,418.8181972,-96.81498889,122.3748433,25.55985441,5.7618,147.2707691,320,467.2707691
FAT,Fresno Yosemite International,Fresno,CA,36.77619444,-37.61900194,-0.8428075,-4.9656,4.185044922,465,469.1850449,-119.7181389,122.3748433,2.6567044,5.7618,15.30739941,320,335.3073994
FAY,Fayetteville Municipal,Fayetteville,NC,34.99147222,-37.61900194,-2.62752972,-4.9656,13.04726158,465,478.0472616,-78.88,122.3748433,43.4948433,5.7618,250.6085881,320,570.6085881
FCA,Glacier Park Intl,Kalispell,MT,48.31140472,-37.61900194,10.69240278,-4.9656,-53.09419524,465,411.9058048,-114.2550694,122.3748433,8.1197739,5.7618,46.78451326,320,366.7845133
FLG,Flagstaff Pulliam,Flagstaff,AZ,35.13845472,-37.61900194,-2.48054722,-4.9656,12.31740528,465,477.3174053,-111.6712183,122.3748433,10.703625,5.7618,61.67214652,320,381.6721465
FLO,Florence Regional,Florence,SC,34.18536111,-37.61900194,-3.43364083,-4.9656,17.05008691,465,482.0500869,-79.72388889,122.3748433,42.65095441,5.7618,245.7462691,320,565.7462691
FNT,Bishop,Flint,MI,42.96550333,-37.61900194,5.34650139,-4.9656,-26.5485873,465,438.4514127,-83.74345639,122.3748433,38.63138691,5.7618,222.5863251,320,542.5863251
FOE,Forbes ,Topeka,KS,38.95095194,-37.61900194,1.33195,-4.9656,-6.61393092,465,458.3860691,-95.66361444,122.3748433,26.71122886,5.7618,153.9047584,320,473.9047584
FSD,Joe Foss ,Sioux Falls,SD,43.58135111,-37.61900194,5.96234917,-4.9656,-29.60664104,465,435.393359,-96.74170028,122.3748433,25.63314302,5.7618,147.6930435,320,467.6930435
FSM,Fort Smith Regional,Fort Smith,AR,35.33659028,-37.61900194,-2.28241166,-4.9656,11.33354334,465,476.3335433,-94.36744111,122.3748433,28.00740219,5.7618,161.3730499,320,481.3730499
FWA,Fort Wayne International,Fort Wayne,IN,40.97846583,-37.61900194,3.35946389,-4.9656,-16.68175389,465,448.3182461,-85.19514639,122.3748433,37.17969691,5.7618,214.2219777,320,534.2219777
GCC,Gillette-Campbell County,Gillette,WY,44.34889806,-37.61900194,6.72989612,-4.9656,-33.41797217,465,431.5820278,-105.5393614,122.3748433,16.8354819,5.7618,97.00267961,320,417.0026796
GCK,Garden City Regional,Garden City,KS,37.92751556,-37.61900194,0.30851362,-4.9656,-1.531955231,465,463.4680448,-100.7244147,122.3748433,21.6504286,5.7618,124.7454395,320,444.7454395
GEG,Spokane Intl,Spokane,WA,47.61985556,-37.61900194,10.00085362,-4.9656,-49.66023874,465,415.3397613,-117.5338425,122.3748433,4.8410008,5.7618,27.89287841,320,347.8928784
GFK,Grand Forks International,Grand Forks,ND,47.949255,-37.61900194,10.33025306,-4.9656,-51.29590459,465,413.7040954,-97.17611111,122.3748433,25.19873219,5.7618,145.1900551,320,465.1900551
GGG,Gregg County,Longview,TX,32.38486111,-37.61900194,-5.23414083,-4.9656,25.99064971,465,490.9906497,-94.71171,122.3748433,27.6631333,5.7618,159.3894414,320,479.3894414
GJT,Walker ,Grand Junction,CO,39.1224125,-37.61900194,1.50341056,-4.9656,-7.465335477,465,457.5346645,-108.5267347,122.3748433,13.8481086,5.7618,79.79003213,320,399.7900321
GNV,Gainesville Regional,Gainesville,FL,29.69005556,-37.61900194,-7.92894638,-4.9656,39.37197614,465,504.3719761,-82.27177778,122.3748433,40.10306552,5.7618,231.0658429,320,551.0658429
GPT,Gulfport-Biloxi Regional,Gulfport-Biloxi,MS,30.40728028,-37.61900194,-7.21172166,-4.9656,35.81052507,465,500.8105251,-89.07009278,122.3748433,33.30475052,5.7618,191.8953115,320,511.8953115
GRB,Austin Straubel International,Green Bay,WI,44.48507333,-37.61900194,6.86607139,-4.9656,-34.09416409,465,430.9058359,-88.12959,122.3748433,34.2452533,5.7618,197.3143005,320,517.3143005
GRI,Central Nebraska Regional ,Grand Island,NE,40.96747222,-37.61900194,3.34847028,-4.9656,-16.62716402,465,448.372836,-98.30861111,122.3748433,24.06623219,5.7618,138.6648166,320,458.6648166
GRK,Robert Gray AAF,Killeen,TX,31.06489778,-37.61900194,-6.55410416,-4.9656,32.54505962,465,497.5450596,-97.82779778,122.3748433,24.54704552,5.7618,141.4351669,320,461.4351669
GRR,Kent County International,Grand Rapids,MI,42.88081972,-37.61900194,5.26181778,-4.9656,-26.12808237,465,438.8719176,-85.52276778,122.3748433,36.85207552,5.7618,212.3342887,320,532.3342887
GSO,Piedmont Triad International,Greensboro,NC,36.09774694,-37.61900194,-1.521255,-4.9656,7.553943828,465,472.5539438,-79.9372975,122.3748433,42.4375458,5.7618,244.5166514,320,564.5166514
GSP,Greenville-Spartanburg,Greer,SC,34.89566722,-37.61900194,-2.72333472,-4.9656,13.52299089,465,478.5229909,-82.21885833,122.3748433,40.15598497,5.7618,231.3707542,320,551.3707542
GST,Gustavus,Gustavus,AK,58.42438139,-37.61900194,20.80537945,-4.9656,-103.3111922,465,361.6888078,-135.7073814,122.3748433,-13.3325381,5.7618,-76.81941802,320,243.180582
GTF,Great Falls Intl,Great Falls,MT,47.48200194,-37.61900194,9.863,-4.9656,-48.9757128,465,416.0242872,-111.3706853,122.3748433,11.004158,5.7618,63.40375756,320,383.4037576
GTR,Golden Triangle Regional,Columbus-Starkville-West Point,MS,33.45033444,-37.61900194,-4.1686675,-4.9656,20.69993534,465,485.6999353,-88.59136861,122.3748433,33.78347469,5.7618,194.6536245,320,514.6536245
GUC,Gunnison County,Gunnison,CO,38.53396333,-37.61900194,0.91496139,-4.9656,-4.543332278,465,460.4566677,-106.9331817,122.3748433,15.4416616,5.7618,88.97176581,320,408.9717658
GUM,Guam International,Agana,GU,13.48345,-37.61900194,-24.13555194,-4.9656,119.8474967,465,584.8474967,-144.7959825,122.3748433,-22.4211392,5.7618,-129.1861198,320,190.8138802
HDN,Yampa Valley,Hayden,CO,40.48118028,-37.61900194,2.86217834,-4.9656,-14.21243277,465,450.7875672,-107.2176597,122.3748433,15.1571836,5.7618,87.33266047,320,407.3326605
HIB,Chisholm-Hibbing,Hibbing,MN,47.38659917,-37.61900194,9.76759723,-4.9656,-48.50198081,465,416.4980192,-92.83899333,122.3748433,29.53584997,5.7618,170.1796604,320,490.1796604
HLN,Helena Regional,Helena,MT,46.60681806,-37.61900194,8.98781612,-4.9656,-44.62989973,465,420.3701003,-111.9827503,122.3748433,10.392093,5.7618,59.87716145,320,379.8771614
HOB,Lea County Regional,Hobbs,NM,32.68752778,-37.61900194,-4.93147416,-4.9656,24.48772809,465,489.4877281,-103.2170278,122.3748433,19.1578155,5.7618,110.3835013,320,430.3835013
HPN,Westchester Cty,White Plains,NY,41.06695778,-37.61900194,3.44795584,-4.9656,-17.12116952,465,447.8788305,-73.70757444,122.3748433,48.66726886,5.7618,280.4110697,320,600.4110697
HRL,Valley International,Harlingen,TX,26.22850611,-37.61900194,-11.39049583,-4.9656,56.56064609,465,521.5606461,-97.65439389,122.3748433,24.72044941,5.7618,142.4342854,320,462.4342854
HSV,Huntsville International ,Huntsville,AL,34.6404475,-37.61900194,-2.97855444,-4.9656,14.79030993,465,479.7903099,-86.77310944,122.3748433,35.60173386,5.7618,205.1300702,320,525.1300702
HTS,Tri-State Walker-Long ,Huntington,WV,38.36666667,-37.61900194,0.74766473,-4.9656,-3.712603983,465,461.287396,-82.55802778,122.3748433,39.81681552,5.7618,229.4165277,320,549.4165277
HYA,Barnstable Mun Boardman Polando ,Hyannis,MA,41.66933639,-37.61900194,4.05033445,-4.9656,-20.11234074,465,444.8876593,-70.28035583,122.3748433,52.09448747,5.7618,300.1580179,320,620.1580179
HYS,Hays Municipal,Hays,KS,38.84494167,-37.61900194,1.22593973,-4.9656,-6.087526323,465,458.9124737,-99.27403361,122.3748433,23.10080969,5.7618,133.1022453,320,453.1022453
ICT,Wichita Mid-Continent,Wichita,KS,37.64995889,-37.61900194,0.03095695,-4.9656,-0.153719831,465,464.8462802,-97.43304583,122.3748433,24.94179747,5.7618,143.7096487,320,463.7096487
IDA,Idaho Falls Regional,Idaho Falls,ID,43.51455556,-37.61900194,5.89555362,-4.9656,-29.27496106,465,435.7250389,-112.0701667,122.3748433,10.3046766,5.7618,59.37348563,320,379.3734856
ILG,New Castle County ,Wilmington,DE,39.67872222,-37.61900194,2.05972028,-4.9656,-10.22774702,465,454.772253,-75.60652778,122.3748433,46.76831552,5.7618,269.4696804,320,589.4696804
ILM,Wilmington International,Wilmington,NC,34.27061111,-37.61900194,-3.34839083,-4.9656,16.62676951,465,481.6267695,-77.90255556,122.3748433,44.47228774,5.7618,256.2404275,320,576.2404275
IMT,Ford,Iron Mountain Kingsford,MI,45.81835417,-37.61900194,8.19935223,-4.9656,-40.71470343,465,424.2852966,-88.1145425,122.3748433,34.2603008,5.7618,197.4010011,320,517.4010011
INL,Falls International,International Falls,MN,48.56618722,-37.61900194,10.94718528,-4.9656,-54.35934323,465,410.6406568,-93.40306667,122.3748433,28.97177663,5.7618,166.9295826,320,486.9295826
IPL,Imperial County,Imperial,CA,32.83422028,-37.61900194,-4.78478166,-4.9656,23.75931181,465,488.7593118,-115.5787456,122.3748433,6.7960977,5.7618,39.15775573,320,359.1577557
ISN,Sloulin Field International,Williston,ND,48.17793861,-37.61900194,10.55893667,-4.9656,-52.43145593,465,412.5685441,-103.6423467,122.3748433,18.7324966,5.7618,107.9328989,320,427.9328989
ISP,Long Island - MacArthur,Islip,NY,40.7952425,-37.61900194,3.17624056,-4.9656,-15.77194012,465,449.2280599,-73.10021194,122.3748433,49.27463136,5.7618,283.910571,320,603.910571
ITH,Tompkins Cty ,Ithaca,NY,42.49102778,-37.61900194,4.87202584,-4.9656,-24.19253151,465,440.8074685,-76.45844444,122.3748433,45.91639886,5.7618,264.561107,320,584.561107
ITO,Hilo International,Hilo,HI,19.72026306,-37.61900194,-17.89873888,-4.9656,88.87797778,465,595.8779778,-155.0484703,122.3748433,-32.673627,5.7618,-188.258904,320,157.741096
IYK,Inyokern,Inyokern,CA,35.65884306,-37.61900194,-1.96015888,-4.9656,9.733364935,465,474.7333649,-117.8295122,122.3748433,4.5453311,5.7618,26.18928873,320,346.1892887
JAC,Jackson Hole,Jackson,WY,43.60732417,-37.61900194,5.98832223,-4.9656,-29.73561287,465,435.2643871,-110.7377389,122.3748433,11.6371044,5.7618,67.05066813,320,387.0506681
JAN,Jackson International,Jackson,MS,32.31116667,-37.61900194,-5.30783527,-4.9656,26.35658682,465,491.3565868,-90.07588889,122.3748433,32.29895441,5.7618,186.1001155,320,506.1001155
JLN,Joplin Regional,Joplin,MO,37.15181361,-37.61900194,-0.46718833,-4.9656,2.319870371,465,467.3198704,-94.49826833,122.3748433,27.87657497,5.7618,160.6192497,320,480.6192497
JMS,Jamestown Municipal,Jamestown,ND,46.92971944,-37.61900194,9.3107175,-4.9656,-46.23329882,465,418.7667012,-98.67819528,122.3748433,23.69664802,5.7618,136.5353466,320,456.5353466
JNU,Juneau International,Juneau,AK,58.35496194,-37.61900194,20.73596,-4.9656,-102.966483,465,315.033517,-134.5762764,122.3748433,-12.2014331,5.7618,-70.30221724,320,260.6977828
KOA,Kona International At Keahole,Kailua Kona,HI,19.73876583,-37.61900194,-17.88023611,-4.9656,88.78610043,465,595.7861004,-156.0456314,122.3748433,-33.6707881,5.7618,-194.0043469,320,125.9956531
KTN,Ketchikan International,Ketchikan,AK,55.35556861,-37.61900194,17.73656667,-4.9656,-88.07269546,465,340.9273045,-131.71374,122.3748433,-9.3388967,5.7618,-53.80885501,320,280.191145
LAN,Capital City,Lansing,MI,42.7787,-37.61900194,5.15969806,-4.9656,-25.62099669,465,439.3790033,-84.58735806,122.3748433,37.78748524,5.7618,217.7239325,320,537.7239325
LAR,Laramie Regional,Laramie,WY,41.31205,-37.61900194,3.69304806,-4.9656,-18.33819945,465,446.6618006,-105.6749864,122.3748433,16.6998569,5.7618,96.22123549,320,416.2212355
LAW,Lawton-Ft Sill Regional,Lawton,OK,34.56771444,-37.61900194,-3.0512875,-4.9656,15.15147321,465,480.1514732,-98.41663667,122.3748433,23.95820663,5.7618,138.042395,320,458.042395
LBB,Lubbock International,Lubbock,TX,33.66363889,-37.61900194,-3.95536305,-4.9656,19.64075076,465,484.6407508,-101.8227778,122.3748433,20.5520655,5.7618,118.416891,320,438.416891
LCH,Lake Charles Regional,Lake Charles,LA,30.1260975,-37.61900194,-7.49290444,-4.9656,37.20676629,465,502.2067663,-93.22340361,122.3748433,29.15143969,5.7618,167.9647652,320,487.9647652
LEX,Blue Grass ,Lexington,KY,38.03697222,-37.61900194,0.41797028,-4.9656,-2.075473222,465,462.9245268,-84.60538889,122.3748433,37.76945441,5.7618,217.6200424,320,537.6200424
LFT,Lafayette Regional,Lafayette,LA,30.20527972,-37.61900194,-7.41372222,-4.9656,36.81357906,465,501.8135791,-91.987655,122.3748433,30.3871883,5.7618,175.0849015,320,495.0849015
LGB,Long Beach (Daugherty ),Long Beach,CA,33.81772222,-37.61900194,-3.80127972,-4.9656,18.87563458,465,483.8756346,-118.1516111,122.3748433,4.2232322,5.7618,24.33341929,320,344.3334193
LIH,Lihue,Lihue,HI,21.97598306,-37.61900194,-15.64301888,-4.9656,77.67697455,465,580.6769746,-159.3389581,122.3748433,-36.9641148,5.7618,-212.9798367,320,137.0201633
LMT,Klamath Falls International,Klamath Falls,OR,42.15614361,-37.61900194,4.53714167,-4.9656,-22.52963068,465,442.4703693,-121.7332081,122.3748433,0.6416352,5.7618,3.696973695,320,323.6969737
LNK,Lincoln Municipal,Lincoln,NE,40.85097222,-37.61900194,3.23197028,-4.9656,-16.04867162,465,448.9513284,-96.75925,122.3748433,25.6155933,5.7618,147.5919255,320,467.5919255
LRD,Laredo International,Laredo,TX,27.54373861,-37.61900194,-10.07526333,-4.9656,50.02972759,465,515.0297276,-99.46154361,122.3748433,22.91329969,5.7618,132.0218502,320,452.0218502
LSE,La Crosse Municipal,La Crosse,WI,43.87937972,-37.61900194,6.26037778,-4.9656,-31.0865319,465,433.9134681,-91.25653778,122.3748433,31.11830552,5.7618,179.2974527,320,499.2974527
LWB,Greenbrier Valley,Lewisburg,WV,37.85830556,-37.61900194,0.23930362,-4.9656,-1.188286055,465,463.8117139,-80.39947222,122.3748433,41.97537108,5.7618,241.8536931,320,561.8536931
LWS,Lewiston-Nez Perce County,Lewiston,ID,46.37449806,-37.61900194,8.75549612,-4.9656,-43.47629153,465,421.5237085,-117.0153944,122.3748433,5.3594489,5.7618,30.88007267,320,350.8800727
LYH,Lynchburg Municipal-Preston Glenn ,Lynchburg,VA,37.32668528,-37.61900194,-0.29231666,-4.9656,1.451527607,465,466.4515276,-79.20043056,122.3748433,43.17441274,5.7618,248.7623313,320,568.7623313
MAF,Midland International,Midland,TX,31.94252778,-37.61900194,-5.67647416,-4.9656,28.18710009,465,493.1871001,-102.2019139,122.3748433,20.1729294,5.7618,116.2323846,320,436.2323846
MBS,Mbs International,Saginaw,MI,43.53291472,-37.61900194,5.91391278,-4.9656,-29.3661253,465,435.6338747,-84.07964722,122.3748433,38.29519608,5.7618,220.6492608,320,540.6492608
MCN,Middle Georgia Regional,Macon,GA,32.69284944,-37.61900194,-4.9261525,-4.9656,24.46130285,465,489.4613029,-83.64921083,122.3748433,38.72563247,5.7618,223.1293492,320,543.1293492
MDT,Harrisburg Intl,Harrisburg,PA,40.19349528,-37.61900194,2.57449334,-4.9656,-12.78390413,465,452.2160959,-76.76340361,122.3748433,45.61143969,5.7618,262.8039932,320,582.8039932
MEI,Key ,Meridian,MS,32.33313333,-37.61900194,-5.28586861,-4.9656,26.24750917,465,491.2475092,-88.75120556,122.3748433,33.62363774,5.7618,193.7326759,320,513.7326759
MFE,McAllen Miller International,McAllen,TX,26.17583333,-37.61900194,-11.44316861,-4.9656,56.82219805,465,521.822198,-98.23861111,122.3748433,24.13623219,5.7618,139.0681426,320,459.0681426
MFR,Rogue Valley International,Medford,OR,42.37422778,-37.61900194,4.75522584,-4.9656,-23.61254943,465,441.3874506,-122.8734978,122.3748433,-0.4986545,5.7618,-2.873147498,320,317.1268525
MGM,Montgomery Regional Apt,Montgomery,AL,32.30064417,-37.61900194,-5.31835777,-4.9656,26.40883734,465,491.4088373,-86.39397611,122.3748433,35.98086719,5.7618,207.3145606,320,527.3145606
MHK,Manhattan Regional,Manhattan,KS,39.14096722,-37.61900194,1.52196528,-4.9656,-7.557470794,465,457.4425292,-96.67083278,122.3748433,25.70401052,5.7618,148.1013678,320,468.1013678
MHT,Manchester,Manchester,NH,42.93451639,-37.61900194,5.31551445,-4.9656,-26.39471855,465,438.6052814,-71.43705583,122.3748433,50.93778747,5.7618,293.4933438,320,613.4933438
MKG,Muskegon County,Muskegon,MI,43.16948806,-37.61900194,5.55048612,-4.9656,-27.56149388,465,437.4385061,-86.23822306,122.3748433,36.13662024,5.7618,208.2119785,320,528.2119785
MLB,Melbourne International ,Melbourne,FL,28.10275,-37.61900194,-9.51625194,-4.9656,47.25390063,465,512.2539006,-80.64580556,122.3748433,41.72903774,5.7618,240.4343697,320,560.4343697
MLI,Quad City,Moline,IL,41.44852639,-37.61900194,3.82952445,-4.9656,-19.01588661,465,445.9841134,-90.50753917,122.3748433,31.86730413,5.7618,183.6130329,320,503.6130329
MLU,Monroe Regional,Monroe,LA,32.51086556,-37.61900194,-5.10813638,-4.9656,25.36496201,465,490.364962,-92.03768778,122.3748433,30.33715552,5.7618,174.7966227,320,494.7966227
MMH,Mammoth Yosemite,Mammoth Lakes,CA,37.62404861,-37.61900194,0.00504667,-4.9656,-0.025059745,465,464.9749403,-118.8377722,122.3748433,3.5370711,5.7618,20.37989626,320,340.3798963
MOB,Mobile Regional,Mobile,AL,30.69141667,-37.61900194,-6.92758527,-4.9656,34.39961742,465,499.3996174,-88.24283333,122.3748433,34.13200997,5.7618,196.661815,320,516.661815
MOD,Modesto City-County-Harry Sham ,Modesto,CA,37.62581722,-37.61900194,0.00681528,-4.9656,-0.033841954,465,464.966158,-120.9544214,122.3748433,1.4204219,5.7618,8.184186903,320,328.1841869
MOT,Minot International,Minot,ND,48.25937778,-37.61900194,10.64037584,-4.9656,-52.83585027,465,412.1641497,-101.2803339,122.3748433,21.0945094,5.7618,121.5423443,320,441.5423443
MQT,Marquette County Airport,NA,NA,46.353639,-37.61900194,8.73463706,-4.9656,-43.37271379,465,421.6272862,-87.395361,122.3748433,34.9794823,5.7618,201.5447811,320,521.5447811
MRY,Monterey Peninsula,Monterey,CA,36.5869825,-37.61900194,-1.03201944,-4.9656,5.124595731,465,470.1245957,-121.8429478,122.3748433,0.5318955,5.7618,3.064675492,320,323.0646755
MSN,Dane County Regional,Madison,WI,43.13985778,-37.61900194,5.52085584,-4.9656,-27.41436176,465,437.5856382,-89.33751361,122.3748433,33.03732969,5.7618,190.3544862,320,510.3544862
MSO,Missoula International,Missoula,MT,46.91630556,-37.61900194,9.29730362,-4.9656,-46.16669086,465,418.8333091,-114.0905556,122.3748433,8.2842877,5.7618,47.73240887,320,367.7324089
MTJ,Montrose Regional,Montrose,CO,38.50886722,-37.61900194,0.88986528,-4.9656,-4.418715034,465,460.581285,-107.8938333,122.3748433,14.48101,5.7618,83.43668342,320,403.4366834
MVY,Marthas Vineyard,Marthas Vineyard,MA,41.39302583,-37.61900194,3.77402389,-4.9656,-18.74029303,465,446.259707,-70.6143325,122.3748433,51.7605108,5.7618,298.2337111,320,618.2337111
MWH,Grant County,Moses Lake,WA,47.20770806,-37.61900194,9.58870612,-4.9656,-47.61367911,465,417.3863209,-119.3201897,122.3748433,3.0546536,5.7618,17.60030311,320,337.6003031
MYR,Myrtle Beach International,Myrtle Beach,SC,33.67975,-37.61900194,-3.93925194,-4.9656,19.56074943,465,484.5607494,-78.92833333,122.3748433,43.44650997,5.7618,250.3301011,320,570.3301011
OAJ,Albert J Ellis,Jacksonville,NC,34.82916444,-37.61900194,-2.7898375,-4.9656,13.85321709,465,478.8532171,-77.61213778,122.3748433,44.76270552,5.7618,257.9137567,320,577.9137567
OME,Nome,Nome,AK,64.51220222,-37.61900194,26.89320028,-4.9656,-133.5408753,465,260.4591247,-165.4452458,122.3748433,-43.0704025,5.7618,-248.1630451,320,100.8369549
ORH,Worcester Regional,Worcester,MA,42.26733944,-37.61900194,4.6483375,-4.9656,-23.08178469,465,441.9182153,-71.87570944,122.3748433,50.49913386,5.7618,290.9659095,320,610.9659095
OTH,North Bend Muni,North Bend,OR,43.41713889,-37.61900194,5.79813695,-4.9656,-28.79122884,465,436.2087712,-124.2460278,122.3748433,-1.8711845,5.7618,-10.78139085,320,309.2186091
OTZ,Ralph Wien Memorial,Kotzebue,AK,66.88467694,-37.61900194,29.265675,-4.9656,-145.3216358,465,240.6783642,-162.5985497,122.3748433,-40.2237064,5.7618,-231.7609515,320,115.2390485
OXR,Oxnard,Oxnard,CA,34.20080083,-37.61900194,-3.41820111,-4.9656,16.97341943,465,481.9734194,-119.2072164,122.3748433,3.1676269,5.7618,18.25123267,320,338.2512327
PAH,Barkley Regional,Paducah,KY,37.06083333,-37.61900194,-0.55816861,-4.9656,2.77164205,465,467.771642,-88.77375,122.3748433,33.6010933,5.7618,193.6027794,320,513.6027794
PFN,Panama City-Bay County International,Panama City,FL,30.21208333,-37.61900194,-7.40691861,-4.9656,36.77979505,465,501.779795,-85.68280556,122.3748433,36.69203774,5.7618,211.4121831,320,531.4121831
PHF,Newport News Williamsburg International,Newport News,VA,37.13189556,-37.61900194,-0.48710638,-4.9656,2.418775441,465,467.4187754,-76.4929875,122.3748433,45.8818558,5.7618,264.3620767,320,584.3620767
PIA,Greater Peoria Regional,Peoria,IL,40.66424333,-37.61900194,3.04524139,-4.9656,-15.12145065,465,449.8785494,-89.69330556,122.3748433,32.68153774,5.7618,188.3044842,320,508.3044842
PIB,Hattiesburg-Laurel Regional,Hattiesburg-Laurel,MS,31.46714944,-37.61900194,-6.1518525,-4.9656,30.54763877,465,495.5476388,-89.33705778,122.3748433,33.03778552,5.7618,190.3571126,320,510.3571126
PIE,St. Petersburg-Clearwater International,St. Petersburg,FL,27.91076333,-37.61900194,-9.70823861,-4.9656,48.20722964,465,513.2072296,-82.68743944,122.3748433,39.68740386,5.7618,228.6708836,320,548.6708836
PIH,Pocatello Regional,Pocatello,ID,42.91130556,-37.61900194,5.29230362,-4.9656,-26.27946286,465,438.7205371,-112.5958611,122.3748433,9.7789822,5.7618,56.34453964,320,376.3445396
PIR,Pierre Regional,Pierre,SD,44.38267694,-37.61900194,6.763675,-4.9656,-33.58570458,465,431.4142954,-100.285965,122.3748433,22.0888783,5.7618,127.271699,320,447.271699
PLN,Pellston Regional  of Emmet County,Pellston,MI,45.5709275,-37.61900194,7.95192556,-4.9656,-39.48608156,465,425.5139184,-84.796715,122.3748433,37.5781283,5.7618,216.5176596,320,536.5176596
PNS,Pensacola Regional,Pensacola,FL,30.47330556,-37.61900194,-7.14569638,-4.9656,35.48266994,465,500.4826699,-87.18744444,122.3748433,35.18739886,5.7618,202.7427548,320,522.7427548
PPG,Pago Pago International,Pago Pago,AS,14.33102278,-37.61900194,-23.28797916,-4.9656,115.6387893,465,580.6387893,-170.7105258,122.3748433,-48.3356825,5.7618,-278.5005354,320,41.49946457
PSC,Tri-Cities,Pasco,WA,46.26468028,-37.61900194,8.64567834,-4.9656,-42.93098037,465,422.0690196,-119.1190292,122.3748433,3.2558141,5.7618,18.75934968,320,338.7593497
PSE,Mercedita,Ponce,PR,18.00830278,-37.61900194,-19.61069916,-4.9656,97.37888775,465,562.3788877,-66.56301194,122.3748433,55.81183136,5.7618,321.5766099,320,641.5766099
PSG,James C. Johnson Petersburg,Petersburg,AK,56.80165194,-37.61900194,19.18265,-4.9656,-95.25336684,465,329.7466332,-132.9452781,122.3748433,-10.5704348,5.7618,-60.90473123,320,274.0952688
PSP,Palm Springs International,Palm Springs,CA,33.82921556,-37.61900194,-3.78978638,-4.9656,18.81856325,465,483.8185632,-116.5062531,122.3748433,5.8685902,5.7618,33.81364301,320,353.813643
PUB,Pueblo Memorial,Pueblo,CO,38.28908722,-37.61900194,0.67008528,-4.9656,-3.327375466,465,461.6726245,-104.4965722,122.3748433,17.8782711,5.7618,103.0110224,320,423.0110224
PWM,Portland International Jetport,Portland,ME,43.64616667,-37.61900194,6.02716473,-4.9656,-29.92848918,465,435.0715108,-70.30875,122.3748433,52.0660933,5.7618,299.9944164,320,619.9944164
RAP,Rapid City Regional,Rapid City,SD,44.04532139,-37.61900194,6.42631945,-4.9656,-31.91053186,465,433.0894681,-103.0573708,122.3748433,19.3174725,5.7618,111.3034131,320,431.3034131
RDD,Redding Municipal,Redding,CA,40.50898361,-37.61900194,2.88998167,-4.9656,-14.35049298,465,450.649507,-122.2934019,122.3748433,0.0814414,5.7618,0.469249059,320,320.4692491
RDM,Roberts ,Redmond,OR,44.25406722,-37.61900194,6.63506528,-4.9656,-32.94708015,465,432.0529198,-121.1499633,122.3748433,1.22488,5.7618,7.057513584,320,327.0575136
RFD,Greater Rockford,Rockford,IL,42.19536389,-37.61900194,4.57636195,-4.9656,-22.7243829,465,442.2756171,-89.09721111,122.3748433,33.27763219,5.7618,191.7390612,320,511.7390612
RHI,Rhinelander-Oneida County,Rhinelander,WI,45.63119306,-37.61900194,8.01219112,-4.9656,-39.78533623,465,425.2146638,-89.46745361,122.3748433,32.90738969,5.7618,189.6057979,320,509.6057979
RKS,Rock Springs-Sweetwater County,Rock Springs,WY,41.5942175,-37.61900194,3.97521556,-4.9656,-19.73933038,465,445.2606696,-109.0651928,122.3748433,13.3096505,5.7618,76.68754425,320,396.6875443
ROA,Roanoke Regional  Woodrum ,Roanoke,VA,37.32546833,-37.61900194,-0.29353361,-4.9656,1.457570494,465,466.4575705,-79.97542833,122.3748433,42.39941497,5.7618,244.2969492,320,564.2969492
ROC,Greater Rochester Int'l,Rochester,NY,43.11886611,-37.61900194,5.49986417,-4.9656,-27.31012552,465,437.6898745,-77.67238389,122.3748433,44.70245941,5.7618,257.5666306,320,577.5666306
ROW,Roswell Industrial Air Center,Roswell,NM,33.30155556,-37.61900194,-4.31744638,-4.9656,21.43871174,465,486.4387117,-104.5305556,122.3748433,17.8442877,5.7618,102.8152169,320,422.8152169
RST,Rochester International,Rochester,MN,43.90882639,-37.61900194,6.28982445,-4.9656,-31.23275229,465,433.7672477,-92.49798722,122.3748433,29.87685608,5.7618,172.1444694,320,492.1444694
SAF,Santa Fe Municipal,Santa Fe,NM,35.61677778,-37.61900194,-2.00222416,-4.9656,9.942244289,465,474.9422443,-106.0881389,122.3748433,16.2867044,5.7618,93.84073341,320,413.8407334
SAV,Savannah International,Savannah,GA,32.12758333,-37.61900194,-5.49141861,-4.9656,27.26818825,465,492.2681882,-81.20213889,122.3748433,41.17270441,5.7618,237.2288883,320,557.2288883
SBA,Santa Barbara Municipal,Santa Barbara,CA,34.42621194,-37.61900194,-3.19279,-4.9656,15.85411802,465,480.854118,-119.8403733,122.3748433,2.53447,5.7618,14.60310925,320,334.6031092
SBN,South Bend Regional,South Bend,IN,41.70895361,-37.61900194,4.08995167,-4.9656,-20.30906401,465,444.690936,-86.31847417,122.3748433,36.05636913,5.7618,207.7495877,320,527.7495877
SBP,San Luis Obispo Co-McChesney ,San Luis Obispo,CA,35.23705806,-37.61900194,-2.38194388,-4.9656,11.82778053,465,476.8277805,-120.6423931,122.3748433,1.7324502,5.7618,9.982031562,320,329.9820316
SCC,Deadhorse,Deadhorse,AK,70.19475583,-37.61900194,32.57575389,-4.9656,-161.7581635,465,206.2418365,-148.4651608,122.3748433,-26.0903175,5.7618,-150.3271914,320,195.6728086
SCE,University Park,NA,NA,40.851206,-37.61900194,3.23220406,-4.9656,-16.04983248,465,448.9501675,-77.846302,122.3748433,44.5285413,5.7618,256.5645493,320,576.5645493
SGF,Springfield-Branson Regional,Springfield,MO,37.24432611,-37.61900194,-0.37467583,-4.9656,1.860490301,465,466.8604903,-93.38685806,122.3748433,28.98798524,5.7618,167.0229734,320,487.0229734
SGU,St George Muni,St George,UT,37.09058333,-37.61900194,-0.52841861,-4.9656,2.62391545,465,467.6239154,-113.5930556,122.3748433,8.7817877,5.7618,50.59890437,320,370.5989044
SHD,Shenandoah Valley Regional,Staunton Harrisonburg,VA,38.26384333,-37.61900194,0.64484139,-4.9656,-3.202024406,465,461.7979756,-78.89643806,122.3748433,43.47840524,5.7618,250.5138753,320,570.5138753
SHV,Shreveport Regional,Shreveport,LA,32.4466275,-37.61900194,-5.17237444,-4.9656,25.68394252,465,490.6839425,-93.82559833,122.3748433,28.54924497,5.7618,164.4950397,320,484.4950397
SIT,Sitka,Sitka,AK,57.04713806,-37.61900194,19.42813612,-4.9656,-96.47235272,465,324.5276473,-135.3615983,122.3748433,-12.986755,5.7618,-74.82708496,320,260.172915
SJT,San Angelo Regional  Mathis ,San Angelo,TX,31.35775,-37.61900194,-6.26125194,-4.9656,31.09087263,465,496.0908726,-100.4963056,122.3748433,21.8785377,5.7618,126.0597585,320,446.0597585
SMX,Santa Maria Pub Capt G Allan Hancock ,Santa Maria,CA,34.89924833,-37.61900194,-2.71975361,-4.9656,13.50520853,465,478.5052085,-120.4575825,122.3748433,1.9172608,5.7618,11.04687328,320,331.0468733
SPI,Capital,Springfield,IL,39.84395194,-37.61900194,2.22495,-4.9656,-11.04821172,465,453.9517883,-89.67761861,122.3748433,32.69722469,5.7618,188.3948692,320,508.3948692
SPN,Tinian International Airport,NA,NA,14.996111,-37.61900194,-22.62289094,-4.9656,112.3362273,465,577.3362273,145.621384,122.3748433,267.9962273,5.7618,1544.140662,320,1864.140662
SPS,Sheppard AFB Wichita Falls Municipal,Wichita Falls,TX,33.98879611,-37.61900194,-3.63020583,-4.9656,18.02615007,465,483.0261501,-98.49189333,122.3748433,23.88294997,5.7618,137.6087811,320,457.6087811
SRQ,Sarasota Bradenton International,Sarasota,FL,27.39533333,-37.61900194,-10.22366861,-4.9656,50.76664885,465,515.7666488,-82.55411111,122.3748433,39.82073219,5.7618,229.4390947,320,549.4390947
STC,St Cloud Regional,St Cloud,MN,45.54532417,-37.61900194,7.92632223,-4.9656,-39.35894567,465,425.6410543,-94.05833667,122.3748433,28.31650663,5.7618,163.1540479,320,483.1540479
STT,Cyril E. King,Charlotte Amalie,VI,18.33730556,-37.61900194,-19.28169638,-4.9656,95.74519154,465,560.7451915,-64.97336111,122.3748433,57.40148219,5.7618,330.7358601,320,650.7358601
STX,Henry E. Rohlsen ,Christiansted,VI,17.70188889,-37.61900194,-19.91711305,-4.9656,98.90041656,465,563.9004166,-64.79855556,122.3748433,57.57628774,5.7618,331.7430547,320,651.7430547
SUN,Friedman Memorial,Hailey,ID,43.50484139,-37.61900194,5.88583945,-4.9656,-29.22672437,465,435.7732756,-114.2965903,122.3748433,8.078253,5.7618,46.54527814,320,366.5452781
SUX,Sioux Gateway ,Sioux City,IA,42.40260333,-37.61900194,4.78360139,-4.9656,-23.75345106,465,441.2465489,-96.38436694,122.3748433,25.99047636,5.7618,149.7519267,320,469.7519267
SWF,Stewart,Newburgh,NY,41.50409361,-37.61900194,3.88509167,-4.9656,-19.2918112,465,445.7081888,-74.10483833,122.3748433,48.27000497,5.7618,278.1221146,320,598.1221146
SYR,Syracuse-Hancock Intl,Syracuse,NY,43.11118694,-37.61900194,5.492185,-4.9656,-27.27199384,465,437.7280062,-76.10631056,122.3748433,46.26853274,5.7618,266.5900319,320,586.5900319
TEX,Telluride Regional,Telluride,CO,37.95375861,-37.61900194,0.33475667,-4.9656,-1.662267721,465,463.3377323,-107.90848,122.3748433,14.4663633,5.7618,83.35229206,320,403.3522921
TLH,Tallahassee Regional,Tallahassee,FL,30.39652778,-37.61900194,-7.22247416,-4.9656,35.86391769,465,500.8639177,-84.35033333,122.3748433,38.02450997,5.7618,219.0896215,320,539.0896215
TOL,Toledo Express,Toledo,OH,41.58680556,-37.61900194,3.96780362,-4.9656,-19.70252566,465,445.2974743,-83.80783333,122.3748433,38.56700997,5.7618,222.215398,320,542.215398
TRI,Tri-Cities Regional,Bristol,TN,36.47521417,-37.61900194,-1.14378777,-4.9656,5.679592551,465,470.6795926,-82.40742056,122.3748433,39.96742274,5.7618,230.2842963,320,550.2842963
TTN,Trenton-Mercer County ,Trenton,NJ,40.27669111,-37.61900194,2.65768917,-4.9656,-13.19702134,465,451.8029787,-74.81346833,122.3748433,47.56137497,5.7618,274.0391303,320,594.0391303
TUP,Tupelo Municipal ,Tupelo,MS,34.26810833,-37.61900194,-3.35089361,-4.9656,16.63919731,465,481.6391973,-88.769895,122.3748433,33.6049483,5.7618,193.6249911,320,513.6249911
TVC,Cherry Capital,Traverse City,MI,44.74144472,-37.61900194,7.12244278,-4.9656,-35.36720187,465,429.6327981,-85.582235,122.3748433,36.7926083,5.7618,211.9916505,320,531.9916505
TWF,Joslin Field - Magic Valley,Twin Falls,ID,42.48180389,-37.61900194,4.86280195,-4.9656,-24.14672936,465,440.8532706,-114.4877356,122.3748433,7.8871077,5.7618,45.44393715,320,365.4439371
TXK,Texarkana Regional-Webb ,Texarkana,AR,33.45370806,-37.61900194,-4.16529388,-4.9656,20.68318329,465,485.6831833,-93.99102,122.3748433,28.3838233,5.7618,163.5419131,320,483.5419131
TYR,Tyler Pounds ,Tyler,TX,32.35413889,-37.61900194,-5.26486305,-4.9656,26.14320396,465,491.143204,-95.40238611,122.3748433,26.97245719,5.7618,155.4099038,320,475.4099038
TYS,McGhee-Tyson,Knoxville,TN,35.81248722,-37.61900194,-1.80651472,-4.9656,8.970429494,465,473.9704295,-83.99285583,122.3748433,38.38198747,5.7618,221.1493354,320,541.1493354
VEL,Vernal,Vernal,UT,40.44090167,-37.61900194,2.82189973,-4.9656,-14.0124253,465,450.9875747,-109.5099203,122.3748433,12.864923,5.7618,74.12511334,320,394.1251133
VLD,Valdosta Regional,Valdosta,GA,30.7825,-37.61900194,-6.83650194,-4.9656,33.94733403,465,498.947334,-83.27672222,122.3748433,39.09812108,5.7618,225.275554,320,545.275554
VPS,Eglin Air Force Base,Valparaiso,FL,30.48325,-37.61900194,-7.13575194,-4.9656,35.43328983,465,500.4332898,-86.5254,122.3748433,35.8494433,5.7618,206.5573224,320,526.5573224
WRG,Wrangell,Wrangell,AK,56.48432583,-37.61900194,18.86532389,-4.9656,-93.67765231,465,330.3223477,-132.3698242,122.3748433,-9.9949809,5.7618,-57.58908095,320,272.4109191
WYS,Yellowstone,West Yellowstone,MT,44.68839917,-37.61900194,7.06939723,-4.9656,-35.10379889,465,429.8962011,-111.1176375,122.3748433,11.2572058,5.7618,64.86176838,320,384.8617684
XNA,Northwest Arkansas Regional,Fayetteville Springdale Rogers,AR,36.28186944,-37.61900194,-1.3371325,-4.9656,6.639665142,465,471.6396651,-94.30681111,122.3748433,28.06803219,5.7618,161.7223879,320,481.7223879
YAK,Yakutat,Yakutat,AK,59.50336056,-37.61900194,21.88435862,-4.9656,-108.6689712,465,306.3310288,-139.6602261,122.3748433,-17.2853828,5.7618,-99.59491862,320,240.4050814
YUM,Yuma MCAS-Yuma International,Yuma,AZ,32.65658333,-37.61900194,-4.96241861,-4.9656,24.64138585,465,489.6413858,-114.6059722,122.3748433,7.7688711,5.7618,44.7626815,320,364.7626815
